,Region,year,value,Sex,type
0,Asia and the Pacific,1999,1300000,Female,People living with HIV
1,Caribbean,1999,140000,Female,People living with HIV
2,East and Southern Africa,1999,7200000,Female,People living with HIV
3,Eastern Europe and Central Asia,1999,89000,Female,People living with HIV
4,Latin America,1999,290000,Female,People living with HIV
5,Middle East and North Africa,1999,33000,Female,People living with HIV
6,West and Central Africa,1999,2300000,Female,People living with HIV
7,Western & Central Europe and North America,1999,240000,Female,People living with HIV
8,Global,1999,11600000,Female,People living with HIV
9,Asia and the Pacific,2000,1400000,Female,People living with HIV
10,Caribbean,2000,140000,Female,People living with HIV
11,East and Southern Africa,2000,7600000,Female,People living with HIV
12,Eastern Europe and Central Asia,2000,110000,Female,People living with HIV
13,Latin America,2000,320000,Female,People living with HIV
14,Middle East and North Africa,2000,37000,Female,People living with HIV
15,West and Central Africa,2000,2300000,Female,People living with HIV
16,Western & Central Europe and North America,2000,260000,Female,People living with HIV
17,Global,2000,12200000,Female,People living with HIV
18,Asia and the Pacific,2001,1500000,Female,People living with HIV
19,Caribbean,2001,150000,Female,People living with HIV
20,East and Southern Africa,2001,7900000,Female,People living with HIV
21,Eastern Europe and Central Asia,2001,120000,Female,People living with HIV
22,Latin America,2001,340000,Female,People living with HIV
23,Middle East and North Africa,2001,41000,Female,People living with HIV
24,West and Central Africa,2001,2400000,Female,People living with HIV
25,Western & Central Europe and North America,2001,270000,Female,People living with HIV
26,Global,2001,12700000,Female,People living with HIV
27,Asia and the Pacific,2002,1500000,Female,People living with HIV
28,Caribbean,2002,150000,Female,People living with HIV
29,East and Southern Africa,2002,8200000,Female,People living with HIV
30,Eastern Europe and Central Asia,2002,140000,Female,People living with HIV
31,Latin America,2002,360000,Female,People living with HIV
32,Middle East and North Africa,2002,45000,Female,People living with HIV
33,West and Central Africa,2002,2500000,Female,People living with HIV
34,Western & Central Europe and North America,2002,290000,Female,People living with HIV
35,Global,2002,13200000,Female,People living with HIV
36,Asia and the Pacific,2003,1600000,Female,People living with HIV
37,Caribbean,2003,140000,Female,People living with HIV
38,East and Southern Africa,2003,8400000,Female,People living with HIV
39,Eastern Europe and Central Asia,2003,160000,Female,People living with HIV
40,Latin America,2003,380000,Female,People living with HIV
41,Middle East and North Africa,2003,48000,Female,People living with HIV
42,West and Central Africa,2003,2500000,Female,People living with HIV
43,Western & Central Europe and North America,2003,300000,Female,People living with HIV
44,Global,2003,13500000,Female,People living with HIV
45,Asia and the Pacific,2004,1600000,Female,People living with HIV
46,Caribbean,2004,140000,Female,People living with HIV
47,East and Southern Africa,2004,8600000,Female,People living with HIV
48,Eastern Europe and Central Asia,2004,180000,Female,People living with HIV
49,Latin America,2004,400000,Female,People living with HIV
50,Middle East and North Africa,2004,51000,Female,People living with HIV
51,West and Central Africa,2004,2500000,Female,People living with HIV
52,Western & Central Europe and North America,2004,320000,Female,People living with HIV
53,Global,2004,13800000,Female,People living with HIV
54,Asia and the Pacific,2005,1600000,Female,People living with HIV
55,Caribbean,2005,140000,Female,People living with HIV
56,East and Southern Africa,2005,8800000,Female,People living with HIV
57,Eastern Europe and Central Asia,2005,200000,Female,People living with HIV
58,Latin America,2005,420000,Female,People living with HIV
59,Middle East and North Africa,2005,54000,Female,People living with HIV
60,West and Central Africa,2005,2500000,Female,People living with HIV
61,Western & Central Europe and North America,2005,330000,Female,People living with HIV
62,Global,2005,14100000,Female,People living with HIV
63,Asia and the Pacific,2006,1600000,Female,People living with HIV
64,Caribbean,2006,140000,Female,People living with HIV
65,East and Southern Africa,2006,9000000,Female,People living with HIV
66,Eastern Europe and Central Asia,2006,210000,Female,People living with HIV
67,Latin America,2006,440000,Female,People living with HIV
68,Middle East and North Africa,2006,56000,Female,People living with HIV
69,West and Central Africa,2006,2500000,Female,People living with HIV
70,Western & Central Europe and North America,2006,350000,Female,People living with HIV
71,Global,2006,14400000,Female,People living with HIV
72,Asia and the Pacific,2007,1700000,Female,People living with HIV
73,Caribbean,2007,140000,Female,People living with HIV
74,East and Southern Africa,2007,9300000,Female,People living with HIV
75,Eastern Europe and Central Asia,2007,230000,Female,People living with HIV
76,Latin America,2007,460000,Female,People living with HIV
77,Middle East and North Africa,2007,58000,Female,People living with HIV
78,West and Central Africa,2007,2600000,Female,People living with HIV
79,Western & Central Europe and North America,2007,360000,Female,People living with HIV
80,Global,2007,14800000,Female,People living with HIV
81,Asia and the Pacific,2008,1700000,Female,People living with HIV
82,Caribbean,2008,140000,Female,People living with HIV
83,East and Southern Africa,2008,9500000,Female,People living with HIV
84,Eastern Europe and Central Asia,2008,260000,Female,People living with HIV
85,Latin America,2008,480000,Female,People living with HIV
86,Middle East and North Africa,2008,60000,Female,People living with HIV
87,West and Central Africa,2008,2600000,Female,People living with HIV
88,Western & Central Europe and North America,2008,380000,Female,People living with HIV
89,Global,2008,15100000,Female,People living with HIV
90,Asia and the Pacific,2009,1700000,Female,People living with HIV
91,Caribbean,2009,140000,Female,People living with HIV
92,East and Southern Africa,2009,9800000,Female,People living with HIV
93,Eastern Europe and Central Asia,2009,280000,Female,People living with HIV
94,Latin America,2009,490000,Female,People living with HIV
95,Middle East and North Africa,2009,62000,Female,People living with HIV
96,West and Central Africa,2009,2600000,Female,People living with HIV
97,Western & Central Europe and North America,2009,390000,Female,People living with HIV
98,Global,2009,15600000,Female,People living with HIV
99,Asia and the Pacific,2010,1800000,Female,People living with HIV
100,Caribbean,2010,150000,Female,People living with HIV
101,East and Southern Africa,2010,10200000,Female,People living with HIV
102,Eastern Europe and Central Asia,2010,310000,Female,People living with HIV
103,Latin America,2010,510000,Female,People living with HIV
104,Middle East and North Africa,2010,64000,Female,People living with HIV
105,West and Central Africa,2010,2700000,Female,People living with HIV
106,Western & Central Europe and North America,2010,400000,Female,People living with HIV
107,Global,2010,16000000,Female,People living with HIV
108,Asia and the Pacific,2011,1800000,Female,People living with HIV
109,Caribbean,2011,150000,Female,People living with HIV
110,East and Southern Africa,2011,10500000,Female,People living with HIV
111,Eastern Europe and Central Asia,2011,340000,Female,People living with HIV
112,Latin America,2011,520000,Female,People living with HIV
113,Middle East and North Africa,2011,66000,Female,People living with HIV
114,West and Central Africa,2011,2700000,Female,People living with HIV
115,Western & Central Europe and North America,2011,420000,Female,People living with HIV
116,Global,2011,16500000,Female,People living with HIV
117,Asia and the Pacific,2012,1900000,Female,People living with HIV
118,Caribbean,2012,150000,Female,People living with HIV
119,East and Southern Africa,2012,10800000,Female,People living with HIV
120,Eastern Europe and Central Asia,2012,370000,Female,People living with HIV
121,Latin America,2012,540000,Female,People living with HIV
122,Middle East and North Africa,2012,68000,Female,People living with HIV
123,West and Central Africa,2012,2700000,Female,People living with HIV
124,Western & Central Europe and North America,2012,430000,Female,People living with HIV
125,Global,2012,17000000,Female,People living with HIV
126,Asia and the Pacific,2013,1900000,Female,People living with HIV
127,Caribbean,2013,150000,Female,People living with HIV
128,East and Southern Africa,2013,11100000,Female,People living with HIV
129,Eastern Europe and Central Asia,2013,400000,Female,People living with HIV
130,Latin America,2013,560000,Female,People living with HIV
131,Middle East and North Africa,2013,70000,Female,People living with HIV
132,West and Central Africa,2013,2800000,Female,People living with HIV
133,Western & Central Europe and North America,2013,440000,Female,People living with HIV
134,Global,2013,17500000,Female,People living with HIV
135,Asia and the Pacific,2014,2000000,Female,People living with HIV
136,Caribbean,2014,150000,Female,People living with HIV
137,East and Southern Africa,2014,11500000,Female,People living with HIV
138,Eastern Europe and Central Asia,2014,440000,Female,People living with HIV
139,Latin America,2014,570000,Female,People living with HIV
140,Middle East and North Africa,2014,73000,Female,People living with HIV
141,West and Central Africa,2014,2800000,Female,People living with HIV
142,Western & Central Europe and North America,2014,450000,Female,People living with HIV
143,Global,2014,17900000,Female,People living with HIV
144,Asia and the Pacific,2015,2000000,Female,People living with HIV
145,Caribbean,2015,150000,Female,People living with HIV
146,East and Southern Africa,2015,11800000,Female,People living with HIV
147,Eastern Europe and Central Asia,2015,470000,Female,People living with HIV
148,Latin America,2015,590000,Female,People living with HIV
149,Middle East and North Africa,2015,75000,Female,People living with HIV
150,West and Central Africa,2015,2800000,Female,People living with HIV
151,Western & Central Europe and North America,2015,460000,Female,People living with HIV
152,Global,2015,18400000,Female,People living with HIV
153,Asia and the Pacific,2016,2000000,Female,People living with HIV
154,Caribbean,2016,160000,Female,People living with HIV
155,East and Southern Africa,2016,12100000,Female,People living with HIV
156,Eastern Europe and Central Asia,2016,510000,Female,People living with HIV
157,Latin America,2016,600000,Female,People living with HIV
158,Middle East and North Africa,2016,78000,Female,People living with HIV
159,West and Central Africa,2016,2900000,Female,People living with HIV
160,Western & Central Europe and North America,2016,470000,Female,People living with HIV
161,Global,2016,18800000,Female,People living with HIV
162,Asia and the Pacific,2017,2100000,Female,People living with HIV
163,Caribbean,2017,160000,Female,People living with HIV
164,East and Southern Africa,2017,12400000,Female,People living with HIV
165,Eastern Europe and Central Asia,2017,560000,Female,People living with HIV
166,Latin America,2017,620000,Female,People living with HIV
167,Middle East and North Africa,2017,81000,Female,People living with HIV
168,West and Central Africa,2017,2900000,Female,People living with HIV
169,Western & Central Europe and North America,2017,480000,Female,People living with HIV
170,Global,2017,19300000,Female,People living with HIV
171,Asia and the Pacific,2018,2100000,Female,People living with HIV
172,Caribbean,2018,160000,Female,People living with HIV
173,East and Southern Africa,2018,12600000,Female,People living with HIV
174,Eastern Europe and Central Asia,2018,600000,Female,People living with HIV
175,Latin America,2018,630000,Female,People living with HIV
176,Middle East and North Africa,2018,84000,Female,People living with HIV
177,West and Central Africa,2018,3000000,Female,People living with HIV
178,Western & Central Europe and North America,2018,490000,Female,People living with HIV
179,Global,2018,19700000,Female,People living with HIV
180,Asia and the Pacific,2019,2200000,Female,People living with HIV
181,Caribbean,2019,160000,Female,People living with HIV
182,East and Southern Africa,2019,12800000,Female,People living with HIV
183,Eastern Europe and Central Asia,2019,650000,Female,People living with HIV
184,Latin America,2019,650000,Female,People living with HIV
185,Middle East and North Africa,2019,88000,Female,People living with HIV
186,West and Central Africa,2019,3000000,Female,People living with HIV
187,Western & Central Europe and North America,2019,500000,Female,People living with HIV
188,Global,2019,20100000,Female,People living with HIV
0,Asia and the Pacific,1999,2600000,Male,People living with HIV
1,Caribbean,1999,150000,Male,People living with HIV
2,East and Southern Africa,1999,5200000,Male,People living with HIV
3,Eastern Europe and Central Asia,1999,200000,Male,People living with HIV
4,Latin America,1999,620000,Male,People living with HIV
5,Middle East and North Africa,1999,46000,Male,People living with HIV
6,West and Central Africa,1999,1600000,Male,People living with HIV
7,Western & Central Europe and North America,1999,870000,Male,People living with HIV
8,Global,1999,11300000,Male,People living with HIV
9,Asia and the Pacific,2000,2700000,Male,People living with HIV
10,Caribbean,2000,150000,Male,People living with HIV
11,East and Southern Africa,2000,5400000,Male,People living with HIV
12,Eastern Europe and Central Asia,2000,230000,Male,People living with HIV
13,Latin America,2000,660000,Male,People living with HIV
14,Middle East and North Africa,2000,54000,Male,People living with HIV
15,West and Central Africa,2000,1600000,Male,People living with HIV
16,Western & Central Europe and North America,2000,910000,Male,People living with HIV
17,Global,2000,11800000,Male,People living with HIV
18,Asia and the Pacific,2001,2800000,Male,People living with HIV
19,Caribbean,2001,150000,Male,People living with HIV
20,East and Southern Africa,2001,5600000,Male,People living with HIV
21,Eastern Europe and Central Asia,2001,250000,Male,People living with HIV
22,Latin America,2001,710000,Male,People living with HIV
23,Middle East and North Africa,2001,61000,Male,People living with HIV
24,West and Central Africa,2001,1700000,Male,People living with HIV
25,Western & Central Europe and North America,2001,950000,Male,People living with HIV
26,Global,2001,12200000,Male,People living with HIV
27,Asia and the Pacific,2002,2900000,Male,People living with HIV
28,Caribbean,2002,150000,Male,People living with HIV
29,East and Southern Africa,2002,5700000,Male,People living with HIV
30,Eastern Europe and Central Asia,2002,280000,Male,People living with HIV
31,Latin America,2002,740000,Male,People living with HIV
32,Middle East and North Africa,2002,68000,Male,People living with HIV
33,West and Central Africa,2002,1700000,Male,People living with HIV
34,Western & Central Europe and North America,2002,990000,Male,People living with HIV
35,Global,2002,12500000,Male,People living with HIV
36,Asia and the Pacific,2003,2900000,Male,People living with HIV
37,Caribbean,2003,150000,Male,People living with HIV
38,East and Southern Africa,2003,5800000,Male,People living with HIV
39,Eastern Europe and Central Asia,2003,300000,Male,People living with HIV
40,Latin America,2003,780000,Male,People living with HIV
41,Middle East and North Africa,2003,75000,Male,People living with HIV
42,West and Central Africa,2003,1700000,Male,People living with HIV
43,Western & Central Europe and North America,2003,1000000,Male,People living with HIV
44,Global,2003,12700000,Male,People living with HIV
45,Asia and the Pacific,2004,2900000,Male,People living with HIV
46,Caribbean,2004,150000,Male,People living with HIV
47,East and Southern Africa,2004,5900000,Male,People living with HIV
48,Eastern Europe and Central Asia,2004,330000,Male,People living with HIV
49,Latin America,2004,810000,Male,People living with HIV
50,Middle East and North Africa,2004,82000,Male,People living with HIV
51,West and Central Africa,2004,1700000,Male,People living with HIV
52,Western & Central Europe and North America,2004,1100000,Male,People living with HIV
53,Global,2004,12900000,Male,People living with HIV
54,Asia and the Pacific,2005,2900000,Male,People living with HIV
55,Caribbean,2005,150000,Male,People living with HIV
56,East and Southern Africa,2005,5900000,Male,People living with HIV
57,Eastern Europe and Central Asia,2005,350000,Male,People living with HIV
58,Latin America,2005,850000,Male,People living with HIV
59,Middle East and North Africa,2005,88000,Male,People living with HIV
60,West and Central Africa,2005,1700000,Male,People living with HIV
61,Western & Central Europe and North America,2005,1100000,Male,People living with HIV
62,Global,2005,13200000,Male,People living with HIV
63,Asia and the Pacific,2006,3000000,Male,People living with HIV
64,Caribbean,2006,150000,Male,People living with HIV
65,East and Southern Africa,2006,6000000,Male,People living with HIV
66,Eastern Europe and Central Asia,2006,380000,Male,People living with HIV
67,Latin America,2006,880000,Male,People living with HIV
68,Middle East and North Africa,2006,93000,Male,People living with HIV
69,West and Central Africa,2006,1700000,Male,People living with HIV
70,Western & Central Europe and North America,2006,1200000,Male,People living with HIV
71,Global,2006,13400000,Male,People living with HIV
72,Asia and the Pacific,2007,3000000,Male,People living with HIV
73,Caribbean,2007,150000,Male,People living with HIV
74,East and Southern Africa,2007,6100000,Male,People living with HIV
75,Eastern Europe and Central Asia,2007,410000,Male,People living with HIV
76,Latin America,2007,910000,Male,People living with HIV
77,Middle East and North Africa,2007,97000,Male,People living with HIV
78,West and Central Africa,2007,1700000,Male,People living with HIV
79,Western & Central Europe and North America,2007,1200000,Male,People living with HIV
80,Global,2007,13700000,Male,People living with HIV
81,Asia and the Pacific,2008,3000000,Male,People living with HIV
82,Caribbean,2008,150000,Male,People living with HIV
83,East and Southern Africa,2008,6300000,Male,People living with HIV
84,Eastern Europe and Central Asia,2008,440000,Male,People living with HIV
85,Latin America,2008,950000,Male,People living with HIV
86,Middle East and North Africa,2008,100000,Male,People living with HIV
87,West and Central Africa,2008,1700000,Male,People living with HIV
88,Western & Central Europe and North America,2008,1300000,Male,People living with HIV
89,Global,2008,14000000,Male,People living with HIV
90,Asia and the Pacific,2009,3100000,Male,People living with HIV
91,Caribbean,2009,150000,Male,People living with HIV
92,East and Southern Africa,2009,6500000,Male,People living with HIV
93,Eastern Europe and Central Asia,2009,480000,Male,People living with HIV
94,Latin America,2009,980000,Male,People living with HIV
95,Middle East and North Africa,2009,110000,Male,People living with HIV
96,West and Central Africa,2009,1800000,Male,People living with HIV
97,Western & Central Europe and North America,2009,1300000,Male,People living with HIV
98,Global,2009,14300000,Male,People living with HIV
99,Asia and the Pacific,2010,3100000,Male,People living with HIV
100,Caribbean,2010,150000,Male,People living with HIV
101,East and Southern Africa,2010,6600000,Male,People living with HIV
102,Eastern Europe and Central Asia,2010,510000,Male,People living with HIV
103,Latin America,2010,1000000,Male,People living with HIV
104,Middle East and North Africa,2010,110000,Male,People living with HIV
105,West and Central Africa,2010,1800000,Male,People living with HIV
106,Western & Central Europe and North America,2010,1300000,Male,People living with HIV
107,Global,2010,14700000,Male,People living with HIV
108,Asia and the Pacific,2011,3200000,Male,People living with HIV
109,Caribbean,2011,160000,Male,People living with HIV
110,East and Southern Africa,2011,6800000,Male,People living with HIV
111,Eastern Europe and Central Asia,2011,550000,Male,People living with HIV
112,Latin America,2011,1100000,Male,People living with HIV
113,Middle East and North Africa,2011,110000,Male,People living with HIV
114,West and Central Africa,2011,1800000,Male,People living with HIV
115,Western & Central Europe and North America,2011,1400000,Male,People living with HIV
116,Global,2011,15100000,Male,People living with HIV
117,Asia and the Pacific,2012,3200000,Male,People living with HIV
118,Caribbean,2012,160000,Male,People living with HIV
119,East and Southern Africa,2012,7000000,Male,People living with HIV
120,Eastern Europe and Central Asia,2012,590000,Male,People living with HIV
121,Latin America,2012,1100000,Male,People living with HIV
122,Middle East and North Africa,2012,120000,Male,People living with HIV
123,West and Central Africa,2012,1800000,Male,People living with HIV
124,Western & Central Europe and North America,2012,1400000,Male,People living with HIV
125,Global,2012,15400000,Male,People living with HIV
126,Asia and the Pacific,2013,3300000,Male,People living with HIV
127,Caribbean,2013,160000,Male,People living with HIV
128,East and Southern Africa,2013,7100000,Male,People living with HIV
129,Eastern Europe and Central Asia,2013,640000,Male,People living with HIV
130,Latin America,2013,1100000,Male,People living with HIV
131,Middle East and North Africa,2013,120000,Male,People living with HIV
132,West and Central Africa,2013,1800000,Male,People living with HIV
133,Western & Central Europe and North America,2013,1500000,Male,People living with HIV
134,Global,2013,15800000,Male,People living with HIV
135,Asia and the Pacific,2014,3300000,Male,People living with HIV
136,Caribbean,2014,160000,Male,People living with HIV
137,East and Southern Africa,2014,7300000,Male,People living with HIV
138,Eastern Europe and Central Asia,2014,690000,Male,People living with HIV
139,Latin America,2014,1200000,Male,People living with HIV
140,Middle East and North Africa,2014,130000,Male,People living with HIV
141,West and Central Africa,2014,1800000,Male,People living with HIV
142,Western & Central Europe and North America,2014,1500000,Male,People living with HIV
143,Global,2014,16200000,Male,People living with HIV
144,Asia and the Pacific,2015,3400000,Male,People living with HIV
145,Caribbean,2015,160000,Male,People living with HIV
146,East and Southern Africa,2015,7400000,Male,People living with HIV
147,Eastern Europe and Central Asia,2015,740000,Male,People living with HIV
148,Latin America,2015,1200000,Male,People living with HIV
149,Middle East and North Africa,2015,130000,Male,People living with HIV
150,West and Central Africa,2015,1800000,Male,People living with HIV
151,Western & Central Europe and North America,2015,1500000,Male,People living with HIV
152,Global,2015,16500000,Male,People living with HIV
153,Asia and the Pacific,2016,3500000,Male,People living with HIV
154,Caribbean,2016,170000,Male,People living with HIV
155,East and Southern Africa,2016,7600000,Male,People living with HIV
156,Eastern Europe and Central Asia,2016,800000,Male,People living with HIV
157,Latin America,2016,1300000,Male,People living with HIV
158,Middle East and North Africa,2016,140000,Male,People living with HIV
159,West and Central Africa,2016,1900000,Male,People living with HIV
160,Western & Central Europe and North America,2016,1600000,Male,People living with HIV
161,Global,2016,16900000,Male,People living with HIV
162,Asia and the Pacific,2017,3500000,Male,People living with HIV
163,Caribbean,2017,170000,Male,People living with HIV
164,East and Southern Africa,2017,7700000,Male,People living with HIV
165,Eastern Europe and Central Asia,2017,860000,Male,People living with HIV
166,Latin America,2017,1400000,Male,People living with HIV
167,Middle East and North Africa,2017,140000,Male,People living with HIV
168,West and Central Africa,2017,1900000,Male,People living with HIV
169,Western & Central Europe and North America,2017,1600000,Male,People living with HIV
170,Global,2017,17200000,Male,People living with HIV
171,Asia and the Pacific,2018,3600000,Male,People living with HIV
172,Caribbean,2018,170000,Male,People living with HIV
173,East and Southern Africa,2018,7800000,Male,People living with HIV
174,Eastern Europe and Central Asia,2018,930000,Male,People living with HIV
175,Latin America,2018,1400000,Male,People living with HIV
176,Middle East and North Africa,2018,150000,Male,People living with HIV
177,West and Central Africa,2018,1900000,Male,People living with HIV
178,Western & Central Europe and North America,2018,1600000,Male,People living with HIV
179,Global,2018,17600000,Male,People living with HIV
180,Asia and the Pacific,2019,3700000,Male,People living with HIV
181,Caribbean,2019,170000,Male,People living with HIV
182,East and Southern Africa,2019,7900000,Male,People living with HIV
183,Eastern Europe and Central Asia,2019,1000000,Male,People living with HIV
184,Latin America,2019,1500000,Male,People living with HIV
185,Middle East and North Africa,2019,150000,Male,People living with HIV
186,West and Central Africa,2019,1900000,Male,People living with HIV
187,Western & Central Europe and North America,2019,1700000,Male,People living with HIV
188,Global,2019,17900000,Male,People living with HIV
0,Asia and the Pacific,1999,130000,Male,AIDS-related deaths
1,Caribbean,1999,9800,Male,AIDS-related deaths
2,East and Southern Africa,1999,360000,Male,AIDS-related deaths
3,Eastern Europe and Central Asia,1999,6700,Male,AIDS-related deaths
4,Latin America,1999,29000,Male,AIDS-related deaths
5,Middle East and North Africa,1999,1900,Male,AIDS-related deaths
6,West and Central Africa,1999,120000,Male,AIDS-related deaths
7,Western & Central Europe and North America,1999,17000,Male,AIDS-related deaths
8,Global,1999,660000,Male,AIDS-related deaths
9,Asia and the Pacific,2000,140000,Male,AIDS-related deaths
10,Caribbean,2000,10000,Male,AIDS-related deaths
11,East and Southern Africa,2000,380000,Male,AIDS-related deaths
12,Eastern Europe and Central Asia,2000,8200,Male,AIDS-related deaths
13,Latin America,2000,30000,Male,AIDS-related deaths
14,Middle East and North Africa,2000,2200,Male,AIDS-related deaths
15,West and Central Africa,2000,120000,Male,AIDS-related deaths
16,Western & Central Europe and North America,2000,18000,Male,AIDS-related deaths
17,Global,2000,720000,Male,AIDS-related deaths
18,Asia and the Pacific,2001,160000,Male,AIDS-related deaths
19,Caribbean,2001,11000,Male,AIDS-related deaths
20,East and Southern Africa,2001,410000,Male,AIDS-related deaths
21,Eastern Europe and Central Asia,2001,9800,Male,AIDS-related deaths
22,Latin America,2001,30000,Male,AIDS-related deaths
23,Middle East and North Africa,2001,2500,Male,AIDS-related deaths
24,West and Central Africa,2001,130000,Male,AIDS-related deaths
25,Western & Central Europe and North America,2001,18000,Male,AIDS-related deaths
26,Global,2001,770000,Male,AIDS-related deaths
27,Asia and the Pacific,2002,180000,Male,AIDS-related deaths
28,Caribbean,2002,11000,Male,AIDS-related deaths
29,East and Southern Africa,2002,430000,Male,AIDS-related deaths
30,Eastern Europe and Central Asia,2002,12000,Male,AIDS-related deaths
31,Latin America,2002,30000,Male,AIDS-related deaths
32,Middle East and North Africa,2002,3000,Male,AIDS-related deaths
33,West and Central Africa,2002,130000,Male,AIDS-related deaths
34,Western & Central Europe and North America,2002,17000,Male,AIDS-related deaths
35,Global,2002,810000,Male,AIDS-related deaths
36,Asia and the Pacific,2003,190000,Male,AIDS-related deaths
37,Caribbean,2003,11000,Male,AIDS-related deaths
38,East and Southern Africa,2003,450000,Male,AIDS-related deaths
39,Eastern Europe and Central Asia,2003,14000,Male,AIDS-related deaths
40,Latin America,2003,30000,Male,AIDS-related deaths
41,Middle East and North Africa,2003,3400,Male,AIDS-related deaths
42,West and Central Africa,2003,140000,Male,AIDS-related deaths
43,Western & Central Europe and North America,2003,16000,Male,AIDS-related deaths
44,Global,2003,840000,Male,AIDS-related deaths
45,Asia and the Pacific,2004,190000,Male,AIDS-related deaths
46,Caribbean,2004,11000,Male,AIDS-related deaths
47,East and Southern Africa,2004,450000,Male,AIDS-related deaths
48,Eastern Europe and Central Asia,2004,16000,Male,AIDS-related deaths
49,Latin America,2004,29000,Male,AIDS-related deaths
50,Middle East and North Africa,2004,3700,Male,AIDS-related deaths
51,West and Central Africa,2004,140000,Male,AIDS-related deaths
52,Western & Central Europe and North America,2004,16000,Male,AIDS-related deaths
53,Global,2004,860000,Male,AIDS-related deaths
54,Asia and the Pacific,2005,190000,Male,AIDS-related deaths
55,Caribbean,2005,11000,Male,AIDS-related deaths
56,East and Southern Africa,2005,440000,Male,AIDS-related deaths
57,Eastern Europe and Central Asia,2005,17000,Male,AIDS-related deaths
58,Latin America,2005,30000,Male,AIDS-related deaths
59,Middle East and North Africa,2005,4100,Male,AIDS-related deaths
60,West and Central Africa,2005,130000,Male,AIDS-related deaths
61,Western & Central Europe and North America,2005,16000,Male,AIDS-related deaths
62,Global,2005,840000,Male,AIDS-related deaths
63,Asia and the Pacific,2006,180000,Male,AIDS-related deaths
64,Caribbean,2006,9500,Male,AIDS-related deaths
65,East and Southern Africa,2006,420000,Male,AIDS-related deaths
66,Eastern Europe and Central Asia,2006,19000,Male,AIDS-related deaths
67,Latin America,2006,30000,Male,AIDS-related deaths
68,Middle East and North Africa,2006,4500,Male,AIDS-related deaths
69,West and Central Africa,2006,130000,Male,AIDS-related deaths
70,Western & Central Europe and North America,2006,16000,Male,AIDS-related deaths
71,Global,2006,810000,Male,AIDS-related deaths
72,Asia and the Pacific,2007,180000,Male,AIDS-related deaths
73,Caribbean,2007,8300,Male,AIDS-related deaths
74,East and Southern Africa,2007,380000,Male,AIDS-related deaths
75,Eastern Europe and Central Asia,2007,17000,Male,AIDS-related deaths
76,Latin America,2007,28000,Male,AIDS-related deaths
77,Middle East and North Africa,2007,4800,Male,AIDS-related deaths
78,West and Central Africa,2007,120000,Male,AIDS-related deaths
79,Western & Central Europe and North America,2007,15000,Male,AIDS-related deaths
80,Global,2007,750000,Male,AIDS-related deaths
81,Asia and the Pacific,2008,170000,Male,AIDS-related deaths
82,Caribbean,2008,7400,Male,AIDS-related deaths
83,East and Southern Africa,2008,330000,Male,AIDS-related deaths
84,Eastern Europe and Central Asia,2008,16000,Male,AIDS-related deaths
85,Latin America,2008,27000,Male,AIDS-related deaths
86,Middle East and North Africa,2008,5000,Male,AIDS-related deaths
87,West and Central Africa,2008,110000,Male,AIDS-related deaths
88,Western & Central Europe and North America,2008,16000,Male,AIDS-related deaths
89,Global,2008,680000,Male,AIDS-related deaths
90,Asia and the Pacific,2009,160000,Male,AIDS-related deaths
91,Caribbean,2009,6700,Male,AIDS-related deaths
92,East and Southern Africa,2009,290000,Male,AIDS-related deaths
93,Eastern Europe and Central Asia,2009,17000,Male,AIDS-related deaths
94,Latin America,2009,28000,Male,AIDS-related deaths
95,Middle East and North Africa,2009,4900,Male,AIDS-related deaths
96,West and Central Africa,2009,100000,Male,AIDS-related deaths
97,Western & Central Europe and North America,2009,16000,Male,AIDS-related deaths
98,Global,2009,620000,Male,AIDS-related deaths
99,Asia and the Pacific,2010,150000,Male,AIDS-related deaths
100,Caribbean,2010,6200,Male,AIDS-related deaths
101,East and Southern Africa,2010,260000,Male,AIDS-related deaths
102,Eastern Europe and Central Asia,2010,19000,Male,AIDS-related deaths
103,Latin America,2010,27000,Male,AIDS-related deaths
104,Middle East and North Africa,2010,5000,Male,AIDS-related deaths
105,West and Central Africa,2010,98000,Male,AIDS-related deaths
106,Western & Central Europe and North America,2010,16000,Male,AIDS-related deaths
107,Global,2010,580000,Male,AIDS-related deaths
108,Asia and the Pacific,2011,150000,Male,AIDS-related deaths
109,Caribbean,2011,6200,Male,AIDS-related deaths
110,East and Southern Africa,2011,240000,Male,AIDS-related deaths
111,Eastern Europe and Central Asia,2011,20000,Male,AIDS-related deaths
112,Latin America,2011,26000,Male,AIDS-related deaths
113,Middle East and North Africa,2011,5300,Male,AIDS-related deaths
114,West and Central Africa,2011,96000,Male,AIDS-related deaths
115,Western & Central Europe and North America,2011,15000,Male,AIDS-related deaths
116,Global,2011,560000,Male,AIDS-related deaths
117,Asia and the Pacific,2012,150000,Male,AIDS-related deaths
118,Caribbean,2012,6100,Male,AIDS-related deaths
119,East and Southern Africa,2012,220000,Male,AIDS-related deaths
120,Eastern Europe and Central Asia,2012,22000,Male,AIDS-related deaths
121,Latin America,2012,25000,Male,AIDS-related deaths
122,Middle East and North Africa,2012,5500,Male,AIDS-related deaths
123,West and Central Africa,2012,93000,Male,AIDS-related deaths
124,Western & Central Europe and North America,2012,13000,Male,AIDS-related deaths
125,Global,2012,530000,Male,AIDS-related deaths
126,Asia and the Pacific,2013,150000,Male,AIDS-related deaths
127,Caribbean,2013,6000,Male,AIDS-related deaths
128,East and Southern Africa,2013,200000,Male,AIDS-related deaths
129,Eastern Europe and Central Asia,2013,22000,Male,AIDS-related deaths
130,Latin America,2013,25000,Male,AIDS-related deaths
131,Middle East and North Africa,2013,5600,Male,AIDS-related deaths
132,West and Central Africa,2013,92000,Male,AIDS-related deaths
133,Western & Central Europe and North America,2013,12000,Male,AIDS-related deaths
134,Global,2013,500000,Male,AIDS-related deaths
135,Asia and the Pacific,2014,140000,Male,AIDS-related deaths
136,Caribbean,2014,5700,Male,AIDS-related deaths
137,East and Southern Africa,2014,180000,Male,AIDS-related deaths
138,Eastern Europe and Central Asia,2014,21000,Male,AIDS-related deaths
139,Latin America,2014,25000,Male,AIDS-related deaths
140,Middle East and North Africa,2014,5600,Male,AIDS-related deaths
141,West and Central Africa,2014,90000,Male,AIDS-related deaths
142,Western & Central Europe and North America,2014,11000,Male,AIDS-related deaths
143,Global,2014,480000,Male,AIDS-related deaths
144,Asia and the Pacific,2015,140000,Male,AIDS-related deaths
145,Caribbean,2015,5300,Male,AIDS-related deaths
146,East and Southern Africa,2015,170000,Male,AIDS-related deaths
147,Eastern Europe and Central Asia,2015,21000,Male,AIDS-related deaths
148,Latin America,2015,25000,Male,AIDS-related deaths
149,Middle East and North Africa,2015,5600,Male,AIDS-related deaths
150,West and Central Africa,2015,88000,Male,AIDS-related deaths
151,Western & Central Europe and North America,2015,10000,Male,AIDS-related deaths
152,Global,2015,470000,Male,AIDS-related deaths
153,Asia and the Pacific,2016,130000,Male,AIDS-related deaths
154,Caribbean,2016,5100,Male,AIDS-related deaths
155,East and Southern Africa,2016,170000,Male,AIDS-related deaths
156,Eastern Europe and Central Asia,2016,21000,Male,AIDS-related deaths
157,Latin America,2016,23000,Male,AIDS-related deaths
158,Middle East and North Africa,2016,5600,Male,AIDS-related deaths
159,West and Central Africa,2016,84000,Male,AIDS-related deaths
160,Western & Central Europe and North America,2016,9900,Male,AIDS-related deaths
161,Global,2016,450000,Male,AIDS-related deaths
162,Asia and the Pacific,2017,130000,Male,AIDS-related deaths
163,Caribbean,2017,4700,Male,AIDS-related deaths
164,East and Southern Africa,2017,160000,Male,AIDS-related deaths
165,Eastern Europe and Central Asia,2017,21000,Male,AIDS-related deaths
166,Latin America,2017,23000,Male,AIDS-related deaths
167,Middle East and North Africa,2017,5400,Male,AIDS-related deaths
168,West and Central Africa,2017,81000,Male,AIDS-related deaths
169,Western & Central Europe and North America,2017,9900,Male,AIDS-related deaths
170,Global,2017,430000,Male,AIDS-related deaths
171,Asia and the Pacific,2018,120000,Male,AIDS-related deaths
172,Caribbean,2018,4300,Male,AIDS-related deaths
173,East and Southern Africa,2018,160000,Male,AIDS-related deaths
174,Eastern Europe and Central Asia,2018,22000,Male,AIDS-related deaths
175,Latin America,2018,23000,Male,AIDS-related deaths
176,Middle East and North Africa,2018,5300,Male,AIDS-related deaths
177,West and Central Africa,2018,77000,Male,AIDS-related deaths
178,Western & Central Europe and North America,2018,9900,Male,AIDS-related deaths
179,Global,2018,410000,Male,AIDS-related deaths
180,Asia and the Pacific,2019,100000,Male,AIDS-related deaths
181,Caribbean,2019,4200,Male,AIDS-related deaths
182,East and Southern Africa,2019,150000,Male,AIDS-related deaths
183,Eastern Europe and Central Asia,2019,22000,Male,AIDS-related deaths
184,Latin America,2019,24000,Male,AIDS-related deaths
185,Middle East and North Africa,2019,5400,Male,AIDS-related deaths
186,West and Central Africa,2019,74000,Male,AIDS-related deaths
187,Western & Central Europe and North America,2019,9800,Male,AIDS-related deaths
188,Global,2019,390000,Male,AIDS-related deaths
0,Asia and the Pacific,1999,56000,Female,AIDS-related deaths
1,Caribbean,1999,8800,Female,AIDS-related deaths
2,East and Southern Africa,1999,400000,Female,AIDS-related deaths
3,Eastern Europe and Central Asia,1999,3000,Female,AIDS-related deaths
4,Latin America,1999,13000,Female,AIDS-related deaths
5,Middle East and North Africa,1999,1400,Female,AIDS-related deaths
6,West and Central Africa,1999,140000,Female,AIDS-related deaths
7,Western & Central Europe and North America,1999,4200,Female,AIDS-related deaths
8,Global,1999,620000,Female,AIDS-related deaths
9,Asia and the Pacific,2000,67000,Female,AIDS-related deaths
10,Caribbean,2000,9400,Female,AIDS-related deaths
11,East and Southern Africa,2000,440000,Female,AIDS-related deaths
12,Eastern Europe and Central Asia,2000,3700,Female,AIDS-related deaths
13,Latin America,2000,14000,Female,AIDS-related deaths
14,Middle East and North Africa,2000,1700,Female,AIDS-related deaths
15,West and Central Africa,2000,150000,Female,AIDS-related deaths
16,Western & Central Europe and North America,2000,4600,Female,AIDS-related deaths
17,Global,2000,690000,Female,AIDS-related deaths
18,Asia and the Pacific,2001,77000,Female,AIDS-related deaths
19,Caribbean,2001,9900,Female,AIDS-related deaths
20,East and Southern Africa,2001,480000,Female,AIDS-related deaths
21,Eastern Europe and Central Asia,2001,4500,Female,AIDS-related deaths
22,Latin America,2001,14000,Female,AIDS-related deaths
23,Middle East and North Africa,2001,1900,Female,AIDS-related deaths
24,West and Central Africa,2001,160000,Female,AIDS-related deaths
25,Western & Central Europe and North America,2001,4500,Female,AIDS-related deaths
26,Global,2001,750000,Female,AIDS-related deaths
27,Asia and the Pacific,2002,86000,Female,AIDS-related deaths
28,Caribbean,2002,10000,Female,AIDS-related deaths
29,East and Southern Africa,2002,520000,Female,AIDS-related deaths
30,Eastern Europe and Central Asia,2002,5500,Female,AIDS-related deaths
31,Latin America,2002,14000,Female,AIDS-related deaths
32,Middle East and North Africa,2002,2200,Female,AIDS-related deaths
33,West and Central Africa,2002,170000,Female,AIDS-related deaths
34,Western & Central Europe and North America,2002,4300,Female,AIDS-related deaths
35,Global,2002,800000,Female,AIDS-related deaths
36,Asia and the Pacific,2003,93000,Female,AIDS-related deaths
37,Caribbean,2003,10000,Female,AIDS-related deaths
38,East and Southern Africa,2003,550000,Female,AIDS-related deaths
39,Eastern Europe and Central Asia,2003,6600,Female,AIDS-related deaths
40,Latin America,2003,14000,Female,AIDS-related deaths
41,Middle East and North Africa,2003,2400,Female,AIDS-related deaths
42,West and Central Africa,2003,170000,Female,AIDS-related deaths
43,Western & Central Europe and North America,2003,4100,Female,AIDS-related deaths
44,Global,2003,850000,Female,AIDS-related deaths
45,Asia and the Pacific,2004,98000,Female,AIDS-related deaths
46,Caribbean,2004,10000,Female,AIDS-related deaths
47,East and Southern Africa,2004,560000,Female,AIDS-related deaths
48,Eastern Europe and Central Asia,2004,7800,Female,AIDS-related deaths
49,Latin America,2004,14000,Female,AIDS-related deaths
50,Middle East and North Africa,2004,2600,Female,AIDS-related deaths
51,West and Central Africa,2004,180000,Female,AIDS-related deaths
52,Western & Central Europe and North America,2004,4100,Female,AIDS-related deaths
53,Global,2004,880000,Female,AIDS-related deaths
54,Asia and the Pacific,2005,99000,Female,AIDS-related deaths
55,Caribbean,2005,9800,Female,AIDS-related deaths
56,East and Southern Africa,2005,550000,Female,AIDS-related deaths
57,Eastern Europe and Central Asia,2005,8900,Female,AIDS-related deaths
58,Latin America,2005,15000,Female,AIDS-related deaths
59,Middle East and North Africa,2005,2800,Female,AIDS-related deaths
60,West and Central Africa,2005,170000,Female,AIDS-related deaths
61,Western & Central Europe and North America,2005,4100,Female,AIDS-related deaths
62,Global,2005,860000,Female,AIDS-related deaths
63,Asia and the Pacific,2006,97000,Female,AIDS-related deaths
64,Caribbean,2006,8600,Female,AIDS-related deaths
65,East and Southern Africa,2006,530000,Female,AIDS-related deaths
66,Eastern Europe and Central Asia,2006,9800,Female,AIDS-related deaths
67,Latin America,2006,15000,Female,AIDS-related deaths
68,Middle East and North Africa,2006,3100,Female,AIDS-related deaths
69,West and Central Africa,2006,160000,Female,AIDS-related deaths
70,Western & Central Europe and North America,2006,4000,Female,AIDS-related deaths
71,Global,2006,830000,Female,AIDS-related deaths
72,Asia and the Pacific,2007,93000,Female,AIDS-related deaths
73,Caribbean,2007,7200,Female,AIDS-related deaths
74,East and Southern Africa,2007,470000,Female,AIDS-related deaths
75,Eastern Europe and Central Asia,2007,9800,Female,AIDS-related deaths
76,Latin America,2007,14000,Female,AIDS-related deaths
77,Middle East and North Africa,2007,3200,Female,AIDS-related deaths
78,West and Central Africa,2007,160000,Female,AIDS-related deaths
79,Western & Central Europe and North America,2007,4000,Female,AIDS-related deaths
80,Global,2007,760000,Female,AIDS-related deaths
81,Asia and the Pacific,2008,85000,Female,AIDS-related deaths
82,Caribbean,2008,6100,Female,AIDS-related deaths
83,East and Southern Africa,2008,410000,Female,AIDS-related deaths
84,Eastern Europe and Central Asia,2008,9600,Female,AIDS-related deaths
85,Latin America,2008,14000,Female,AIDS-related deaths
86,Middle East and North Africa,2008,3300,Female,AIDS-related deaths
87,West and Central Africa,2008,150000,Female,AIDS-related deaths
88,Western & Central Europe and North America,2008,4200,Female,AIDS-related deaths
89,Global,2008,680000,Female,AIDS-related deaths
90,Asia and the Pacific,2009,78000,Female,AIDS-related deaths
91,Caribbean,2009,5300,Female,AIDS-related deaths
92,East and Southern Africa,2009,360000,Female,AIDS-related deaths
93,Eastern Europe and Central Asia,2009,9000,Female,AIDS-related deaths
94,Latin America,2009,14000,Female,AIDS-related deaths
95,Middle East and North Africa,2009,3100,Female,AIDS-related deaths
96,West and Central Africa,2009,140000,Female,AIDS-related deaths
97,Western & Central Europe and North America,2009,4100,Female,AIDS-related deaths
98,Global,2009,610000,Female,AIDS-related deaths
99,Asia and the Pacific,2010,71000,Female,AIDS-related deaths
100,Caribbean,2010,4800,Female,AIDS-related deaths
101,East and Southern Africa,2010,320000,Female,AIDS-related deaths
102,Eastern Europe and Central Asia,2010,9400,Female,AIDS-related deaths
103,Latin America,2010,13000,Female,AIDS-related deaths
104,Middle East and North Africa,2010,3100,Female,AIDS-related deaths
105,West and Central Africa,2010,130000,Female,AIDS-related deaths
106,Western & Central Europe and North America,2010,4000,Female,AIDS-related deaths
107,Global,2010,560000,Female,AIDS-related deaths
108,Asia and the Pacific,2011,69000,Female,AIDS-related deaths
109,Caribbean,2011,4800,Female,AIDS-related deaths
110,East and Southern Africa,2011,280000,Female,AIDS-related deaths
111,Eastern Europe and Central Asia,2011,10000,Female,AIDS-related deaths
112,Latin America,2011,13000,Female,AIDS-related deaths
113,Middle East and North Africa,2011,3200,Female,AIDS-related deaths
114,West and Central Africa,2011,130000,Female,AIDS-related deaths
115,Western & Central Europe and North America,2011,3800,Female,AIDS-related deaths
116,Global,2011,510000,Female,AIDS-related deaths
117,Asia and the Pacific,2012,69000,Female,AIDS-related deaths
118,Caribbean,2012,4600,Female,AIDS-related deaths
119,East and Southern Africa,2012,250000,Female,AIDS-related deaths
120,Eastern Europe and Central Asia,2012,11000,Female,AIDS-related deaths
121,Latin America,2012,13000,Female,AIDS-related deaths
122,Middle East and North Africa,2012,3300,Female,AIDS-related deaths
123,West and Central Africa,2012,120000,Female,AIDS-related deaths
124,Western & Central Europe and North America,2012,3400,Female,AIDS-related deaths
125,Global,2012,470000,Female,AIDS-related deaths
126,Asia and the Pacific,2013,67000,Female,AIDS-related deaths
127,Caribbean,2013,4200,Female,AIDS-related deaths
128,East and Southern Africa,2013,220000,Female,AIDS-related deaths
129,Eastern Europe and Central Asia,2013,11000,Female,AIDS-related deaths
130,Latin America,2013,12000,Female,AIDS-related deaths
131,Middle East and North Africa,2013,3200,Female,AIDS-related deaths
132,West and Central Africa,2013,100000,Female,AIDS-related deaths
133,Western & Central Europe and North America,2013,3200,Female,AIDS-related deaths
134,Global,2013,420000,Female,AIDS-related deaths
135,Asia and the Pacific,2014,64000,Female,AIDS-related deaths
136,Caribbean,2014,3800,Female,AIDS-related deaths
137,East and Southern Africa,2014,200000,Female,AIDS-related deaths
138,Eastern Europe and Central Asia,2014,11000,Female,AIDS-related deaths
139,Latin America,2014,13000,Female,AIDS-related deaths
140,Middle East and North Africa,2014,3100,Female,AIDS-related deaths
141,West and Central Africa,2014,98000,Female,AIDS-related deaths
142,Western & Central Europe and North America,2014,2800,Female,AIDS-related deaths
143,Global,2014,390000,Female,AIDS-related deaths
144,Asia and the Pacific,2015,63000,Female,AIDS-related deaths
145,Caribbean,2015,3500,Female,AIDS-related deaths
146,East and Southern Africa,2015,180000,Female,AIDS-related deaths
147,Eastern Europe and Central Asia,2015,11000,Female,AIDS-related deaths
148,Latin America,2015,12000,Female,AIDS-related deaths
149,Middle East and North Africa,2015,3100,Female,AIDS-related deaths
150,West and Central Africa,2015,93000,Female,AIDS-related deaths
151,Western & Central Europe and North America,2015,2700,Female,AIDS-related deaths
152,Global,2015,370000,Female,AIDS-related deaths
153,Asia and the Pacific,2016,62000,Female,AIDS-related deaths
154,Caribbean,2016,3400,Female,AIDS-related deaths
155,East and Southern Africa,2016,170000,Female,AIDS-related deaths
156,Eastern Europe and Central Asia,2016,12000,Female,AIDS-related deaths
157,Latin America,2016,12000,Female,AIDS-related deaths
158,Middle East and North Africa,2016,3000,Female,AIDS-related deaths
159,West and Central Africa,2016,88000,Female,AIDS-related deaths
160,Western & Central Europe and North America,2016,2600,Female,AIDS-related deaths
161,Global,2016,350000,Female,AIDS-related deaths
162,Asia and the Pacific,2017,59000,Female,AIDS-related deaths
163,Caribbean,2017,3100,Female,AIDS-related deaths
164,East and Southern Africa,2017,160000,Female,AIDS-related deaths
165,Eastern Europe and Central Asia,2017,11000,Female,AIDS-related deaths
166,Latin America,2017,12000,Female,AIDS-related deaths
167,Middle East and North Africa,2017,2800,Female,AIDS-related deaths
168,West and Central Africa,2017,82000,Female,AIDS-related deaths
169,Western & Central Europe and North America,2017,2500,Female,AIDS-related deaths
170,Global,2017,330000,Female,AIDS-related deaths
171,Asia and the Pacific,2018,55000,Female,AIDS-related deaths
172,Caribbean,2018,2800,Female,AIDS-related deaths
173,East and Southern Africa,2018,150000,Female,AIDS-related deaths
174,Eastern Europe and Central Asia,2018,12000,Female,AIDS-related deaths
175,Latin America,2018,13000,Female,AIDS-related deaths
176,Middle East and North Africa,2018,2700,Female,AIDS-related deaths
177,West and Central Africa,2018,74000,Female,AIDS-related deaths
178,Western & Central Europe and North America,2018,2600,Female,AIDS-related deaths
179,Global,2018,320000,Female,AIDS-related deaths
180,Asia and the Pacific,2019,51000,Female,AIDS-related deaths
181,Caribbean,2019,2700,Female,AIDS-related deaths
182,East and Southern Africa,2019,150000,Female,AIDS-related deaths
183,Eastern Europe and Central Asia,2019,13000,Female,AIDS-related deaths
184,Latin America,2019,13000,Female,AIDS-related deaths
185,Middle East and North Africa,2019,2600,Female,AIDS-related deaths
186,West and Central Africa,2019,69000,Female,AIDS-related deaths
187,Western & Central Europe and North America,2019,2600,Female,AIDS-related deaths
188,Global,2019,300000,Female,AIDS-related deaths
0,Asia and the Pacific,1999,310000,Male,New HIV infections
1,Caribbean,1999,15000,Male,New HIV infections
2,East and Southern Africa,1999,640000,Male,New HIV infections
3,Eastern Europe and Central Asia,1999,37000,Male,New HIV infections
4,Latin America,1999,78000,Male,New HIV infections
5,Middle East and North Africa,1999,8900,Male,New HIV infections
6,West and Central Africa,1999,190000,Male,New HIV infections
7,Western & Central Europe and North America,1999,57000,Male,New HIV infections
8,Global,1999,1300000,Male,New HIV infections
9,Asia and the Pacific,2000,300000,Male,New HIV infections
10,Caribbean,2000,14000,Male,New HIV infections
11,East and Southern Africa,2000,630000,Male,New HIV infections
12,Eastern Europe and Central Asia,2000,39000,Male,New HIV infections
13,Latin America,2000,78000,Male,New HIV infections
14,Middle East and North Africa,2000,9900,Male,New HIV infections
15,West and Central Africa,2000,190000,Male,New HIV infections
16,Western & Central Europe and North America,2000,58000,Male,New HIV infections
17,Global,2000,1300000,Male,New HIV infections
18,Asia and the Pacific,2001,270000,Male,New HIV infections
19,Caribbean,2001,14000,Male,New HIV infections
20,East and Southern Africa,2001,620000,Male,New HIV infections
21,Eastern Europe and Central Asia,2001,40000,Male,New HIV infections
22,Latin America,2001,78000,Male,New HIV infections
23,Middle East and North Africa,2001,11000,Male,New HIV infections
24,West and Central Africa,2001,180000,Male,New HIV infections
25,Western & Central Europe and North America,2001,59000,Male,New HIV infections
26,Global,2001,1300000,Male,New HIV infections
27,Asia and the Pacific,2002,270000,Male,New HIV infections
28,Caribbean,2002,13000,Male,New HIV infections
29,East and Southern Africa,2002,610000,Male,New HIV infections
30,Eastern Europe and Central Asia,2002,42000,Male,New HIV infections
31,Latin America,2002,76000,Male,New HIV infections
32,Middle East and North Africa,2002,11000,Male,New HIV infections
33,West and Central Africa,2002,170000,Male,New HIV infections
34,Western & Central Europe and North America,2002,59000,Male,New HIV infections
35,Global,2002,1200000,Male,New HIV infections
36,Asia and the Pacific,2003,240000,Male,New HIV infections
37,Caribbean,2003,13000,Male,New HIV infections
38,East and Southern Africa,2003,590000,Male,New HIV infections
39,Eastern Europe and Central Asia,2003,43000,Male,New HIV infections
40,Latin America,2003,72000,Male,New HIV infections
41,Middle East and North Africa,2003,11000,Male,New HIV infections
42,West and Central Africa,2003,170000,Male,New HIV infections
43,Western & Central Europe and North America,2003,61000,Male,New HIV infections
44,Global,2003,1200000,Male,New HIV infections
45,Asia and the Pacific,2004,230000,Male,New HIV infections
46,Caribbean,2004,12000,Male,New HIV infections
47,East and Southern Africa,2004,580000,Male,New HIV infections
48,Eastern Europe and Central Asia,2004,45000,Male,New HIV infections
49,Latin America,2004,70000,Male,New HIV infections
50,Middle East and North Africa,2004,11000,Male,New HIV infections
51,West and Central Africa,2004,160000,Male,New HIV infections
52,Western & Central Europe and North America,2004,61000,Male,New HIV infections
53,Global,2004,1200000,Male,New HIV infections
54,Asia and the Pacific,2005,240000,Male,New HIV infections
55,Caribbean,2005,11000,Male,New HIV infections
56,East and Southern Africa,2005,570000,Male,New HIV infections
57,Eastern Europe and Central Asia,2005,48000,Male,New HIV infections
58,Latin America,2005,71000,Male,New HIV infections
59,Middle East and North Africa,2005,11000,Male,New HIV infections
60,West and Central Africa,2005,160000,Male,New HIV infections
61,Western & Central Europe and North America,2005,62000,Male,New HIV infections
62,Global,2005,1200000,Male,New HIV infections
63,Asia and the Pacific,2006,230000,Male,New HIV infections
64,Caribbean,2006,11000,Male,New HIV infections
65,East and Southern Africa,2006,560000,Male,New HIV infections
66,Eastern Europe and Central Asia,2006,50000,Male,New HIV infections
67,Latin America,2006,66000,Male,New HIV infections
68,Middle East and North Africa,2006,11000,Male,New HIV infections
69,West and Central Africa,2006,150000,Male,New HIV infections
70,Western & Central Europe and North America,2006,62000,Male,New HIV infections
71,Global,2006,1100000,Male,New HIV infections
72,Asia and the Pacific,2007,230000,Male,New HIV infections
73,Caribbean,2007,11000,Male,New HIV infections
74,East and Southern Africa,2007,540000,Male,New HIV infections
75,Eastern Europe and Central Asia,2007,52000,Male,New HIV infections
76,Latin America,2007,67000,Male,New HIV infections
77,Middle East and North Africa,2007,11000,Male,New HIV infections
78,West and Central Africa,2007,150000,Male,New HIV infections
79,Western & Central Europe and North America,2007,62000,Male,New HIV infections
80,Global,2007,1100000,Male,New HIV infections
81,Asia and the Pacific,2008,220000,Male,New HIV infections
82,Caribbean,2008,10000,Male,New HIV infections
83,East and Southern Africa,2008,520000,Male,New HIV infections
84,Eastern Europe and Central Asia,2008,55000,Male,New HIV infections
85,Latin America,2008,67000,Male,New HIV infections
86,Middle East and North Africa,2008,11000,Male,New HIV infections
87,West and Central Africa,2008,150000,Male,New HIV infections
88,Western & Central Europe and North America,2008,63000,Male,New HIV infections
89,Global,2008,1100000,Male,New HIV infections
90,Asia and the Pacific,2009,220000,Male,New HIV infections
91,Caribbean,2009,10000,Male,New HIV infections
92,East and Southern Africa,2009,510000,Male,New HIV infections
93,Eastern Europe and Central Asia,2009,58000,Male,New HIV infections
94,Latin America,2009,69000,Male,New HIV infections
95,Middle East and North Africa,2009,11000,Male,New HIV infections
96,West and Central Africa,2009,140000,Male,New HIV infections
97,Western & Central Europe and North America,2009,62000,Male,New HIV infections
98,Global,2009,1100000,Male,New HIV infections
99,Asia and the Pacific,2010,220000,Male,New HIV infections
100,Caribbean,2010,10000,Male,New HIV infections
101,East and Southern Africa,2010,490000,Male,New HIV infections
102,Eastern Europe and Central Asia,2010,61000,Male,New HIV infections
103,Latin America,2010,70000,Male,New HIV infections
104,Middle East and North Africa,2010,11000,Male,New HIV infections
105,West and Central Africa,2010,140000,Male,New HIV infections
106,Western & Central Europe and North America,2010,59000,Male,New HIV infections
107,Global,2010,1100000,Male,New HIV infections
108,Asia and the Pacific,2011,220000,Male,New HIV infections
109,Caribbean,2011,10000,Male,New HIV infections
110,East and Southern Africa,2011,460000,Male,New HIV infections
111,Eastern Europe and Central Asia,2011,64000,Male,New HIV infections
112,Latin America,2011,73000,Male,New HIV infections
113,Middle East and North Africa,2011,11000,Male,New HIV infections
114,West and Central Africa,2011,130000,Male,New HIV infections
115,Western & Central Europe and North America,2011,59000,Male,New HIV infections
116,Global,2011,1000000,Male,New HIV infections
117,Asia and the Pacific,2012,220000,Male,New HIV infections
118,Caribbean,2012,9900,Male,New HIV infections
119,East and Southern Africa,2012,430000,Male,New HIV infections
120,Eastern Europe and Central Asia,2012,68000,Male,New HIV infections
121,Latin America,2012,75000,Male,New HIV infections
122,Middle East and North Africa,2012,11000,Male,New HIV infections
123,West and Central Africa,2012,130000,Male,New HIV infections
124,Western & Central Europe and North America,2012,59000,Male,New HIV infections
125,Global,2012,1000000,Male,New HIV infections
126,Asia and the Pacific,2013,220000,Male,New HIV infections
127,Caribbean,2013,9600,Male,New HIV infections
128,East and Southern Africa,2013,410000,Male,New HIV infections
129,Eastern Europe and Central Asia,2013,73000,Male,New HIV infections
130,Latin America,2013,79000,Male,New HIV infections
131,Middle East and North Africa,2013,11000,Male,New HIV infections
132,West and Central Africa,2013,120000,Male,New HIV infections
133,Western & Central Europe and North America,2013,57000,Male,New HIV infections
134,Global,2013,980000,Male,New HIV infections
135,Asia and the Pacific,2014,220000,Male,New HIV infections
136,Caribbean,2014,9400,Male,New HIV infections
137,East and Southern Africa,2014,390000,Male,New HIV infections
138,Eastern Europe and Central Asia,2014,77000,Male,New HIV infections
139,Latin America,2014,82000,Male,New HIV infections
140,Middle East and North Africa,2014,11000,Male,New HIV infections
141,West and Central Africa,2014,120000,Male,New HIV infections
142,Western & Central Europe and North America,2014,57000,Male,New HIV infections
143,Global,2014,970000,Male,New HIV infections
144,Asia and the Pacific,2015,220000,Male,New HIV infections
145,Caribbean,2015,9200,Male,New HIV infections
146,East and Southern Africa,2015,370000,Male,New HIV infections
147,Eastern Europe and Central Asia,2015,82000,Male,New HIV infections
148,Latin America,2015,86000,Male,New HIV infections
149,Middle East and North Africa,2015,11000,Male,New HIV infections
150,West and Central Africa,2015,110000,Male,New HIV infections
151,Western & Central Europe and North America,2015,57000,Male,New HIV infections
152,Global,2015,950000,Male,New HIV infections
153,Asia and the Pacific,2016,210000,Male,New HIV infections
154,Caribbean,2016,8900,Male,New HIV infections
155,East and Southern Africa,2016,360000,Male,New HIV infections
156,Eastern Europe and Central Asia,2016,87000,Male,New HIV infections
157,Latin America,2016,85000,Male,New HIV infections
158,Middle East and North Africa,2016,12000,Male,New HIV infections
159,West and Central Africa,2016,110000,Male,New HIV infections
160,Western & Central Europe and North America,2016,56000,Male,New HIV infections
161,Global,2016,920000,Male,New HIV infections
162,Asia and the Pacific,2017,210000,Male,New HIV infections
163,Caribbean,2017,8400,Male,New HIV infections
164,East and Southern Africa,2017,340000,Male,New HIV infections
165,Eastern Europe and Central Asia,2017,93000,Male,New HIV infections
166,Latin America,2017,87000,Male,New HIV infections
167,Middle East and North Africa,2017,12000,Male,New HIV infections
168,West and Central Africa,2017,110000,Male,New HIV infections
169,Western & Central Europe and North America,2017,53000,Male,New HIV infections
170,Global,2017,900000,Male,New HIV infections
171,Asia and the Pacific,2018,200000,Male,New HIV infections
172,Caribbean,2018,8000,Male,New HIV infections
173,East and Southern Africa,2018,310000,Male,New HIV infections
174,Eastern Europe and Central Asia,2018,98000,Male,New HIV infections
175,Latin America,2018,89000,Male,New HIV infections
176,Middle East and North Africa,2018,12000,Male,New HIV infections
177,West and Central Africa,2018,110000,Male,New HIV infections
178,Western & Central Europe and North America,2018,53000,Male,New HIV infections
179,Global,2018,880000,Male,New HIV infections
180,Asia and the Pacific,2019,200000,Male,New HIV infections
181,Caribbean,2019,7800,Male,New HIV infections
182,East and Southern Africa,2019,300000,Male,New HIV infections
183,Eastern Europe and Central Asia,2019,100000,Male,New HIV infections
184,Latin America,2019,91000,Male,New HIV infections
185,Middle East and North Africa,2019,13000,Male,New HIV infections
186,West and Central Africa,2019,100000,Male,New HIV infections
187,Western & Central Europe and North America,2019,52000,Male,New HIV infections
188,Global,2019,870000,Male,New HIV infections
0,Asia and the Pacific,1999,190000,Female,New HIV infections
1,Caribbean,1999,13000,Female,New HIV infections
2,East and Southern Africa,1999,870000,Female,New HIV infections
3,Eastern Europe and Central Asia,1999,19000,Female,New HIV infections
4,Latin America,1999,39000,Female,New HIV infections
5,Middle East and North Africa,1999,5800,Female,New HIV infections
6,West and Central Africa,1999,260000,Female,New HIV infections
7,Western & Central Europe and North America,1999,17000,Female,New HIV infections
8,Global,1999,1400000,Female,New HIV infections
9,Asia and the Pacific,2000,180000,Female,New HIV infections
10,Caribbean,2000,12000,Female,New HIV infections
11,East and Southern Africa,2000,860000,Female,New HIV infections
12,Eastern Europe and Central Asia,2000,21000,Female,New HIV infections
13,Latin America,2000,40000,Female,New HIV infections
14,Middle East and North Africa,2000,5900,Female,New HIV infections
15,West and Central Africa,2000,250000,Female,New HIV infections
16,Western & Central Europe and North America,2000,18000,Female,New HIV infections
17,Global,2000,1400000,Female,New HIV infections
18,Asia and the Pacific,2001,160000,Female,New HIV infections
19,Caribbean,2001,12000,Female,New HIV infections
20,East and Southern Africa,2001,850000,Female,New HIV infections
21,Eastern Europe and Central Asia,2001,23000,Female,New HIV infections
22,Latin America,2001,40000,Female,New HIV infections
23,Middle East and North Africa,2001,6000,Female,New HIV infections
24,West and Central Africa,2001,240000,Female,New HIV infections
25,Western & Central Europe and North America,2001,18000,Female,New HIV infections
26,Global,2001,1400000,Female,New HIV infections
27,Asia and the Pacific,2002,150000,Female,New HIV infections
28,Caribbean,2002,12000,Female,New HIV infections
29,East and Southern Africa,2002,830000,Female,New HIV infections
30,Eastern Europe and Central Asia,2002,24000,Female,New HIV infections
31,Latin America,2002,39000,Female,New HIV infections
32,Middle East and North Africa,2002,6000,Female,New HIV infections
33,West and Central Africa,2002,230000,Female,New HIV infections
34,Western & Central Europe and North America,2002,18000,Female,New HIV infections
35,Global,2002,1300000,Female,New HIV infections
36,Asia and the Pacific,2003,130000,Female,New HIV infections
37,Caribbean,2003,11000,Female,New HIV infections
38,East and Southern Africa,2003,810000,Female,New HIV infections
39,Eastern Europe and Central Asia,2003,25000,Female,New HIV infections
40,Latin America,2003,38000,Female,New HIV infections
41,Middle East and North Africa,2003,6000,Female,New HIV infections
42,West and Central Africa,2003,220000,Female,New HIV infections
43,Western & Central Europe and North America,2003,18000,Female,New HIV infections
44,Global,2003,1300000,Female,New HIV infections
45,Asia and the Pacific,2004,130000,Female,New HIV infections
46,Caribbean,2004,10000,Female,New HIV infections
47,East and Southern Africa,2004,800000,Female,New HIV infections
48,Eastern Europe and Central Asia,2004,27000,Female,New HIV infections
49,Latin America,2004,35000,Female,New HIV infections
50,Middle East and North Africa,2004,6100,Female,New HIV infections
51,West and Central Africa,2004,220000,Female,New HIV infections
52,Western & Central Europe and North America,2004,19000,Female,New HIV infections
53,Global,2004,1200000,Female,New HIV infections
54,Asia and the Pacific,2005,130000,Female,New HIV infections
55,Caribbean,2005,9800,Female,New HIV infections
56,East and Southern Africa,2005,780000,Female,New HIV infections
57,Eastern Europe and Central Asia,2005,28000,Female,New HIV infections
58,Latin America,2005,37000,Female,New HIV infections
59,Middle East and North Africa,2005,5800,Female,New HIV infections
60,West and Central Africa,2005,210000,Female,New HIV infections
61,Western & Central Europe and North America,2005,19000,Female,New HIV infections
62,Global,2005,1200000,Female,New HIV infections
63,Asia and the Pacific,2006,130000,Female,New HIV infections
64,Caribbean,2006,9200,Female,New HIV infections
65,East and Southern Africa,2006,770000,Female,New HIV infections
66,Eastern Europe and Central Asia,2006,29000,Female,New HIV infections
67,Latin America,2006,34000,Female,New HIV infections
68,Middle East and North Africa,2006,5600,Female,New HIV infections
69,West and Central Africa,2006,210000,Female,New HIV infections
70,Western & Central Europe and North America,2006,18000,Female,New HIV infections
71,Global,2006,1200000,Female,New HIV infections
72,Asia and the Pacific,2007,130000,Female,New HIV infections
73,Caribbean,2007,8700,Female,New HIV infections
74,East and Southern Africa,2007,750000,Female,New HIV infections
75,Eastern Europe and Central Asia,2007,32000,Female,New HIV infections
76,Latin America,2007,33000,Female,New HIV infections
77,Middle East and North Africa,2007,5700,Female,New HIV infections
78,West and Central Africa,2007,200000,Female,New HIV infections
79,Western & Central Europe and North America,2007,18000,Female,New HIV infections
80,Global,2007,1200000,Female,New HIV infections
81,Asia and the Pacific,2008,120000,Female,New HIV infections
82,Caribbean,2008,8300,Female,New HIV infections
83,East and Southern Africa,2008,720000,Female,New HIV infections
84,Eastern Europe and Central Asia,2008,34000,Female,New HIV infections
85,Latin America,2008,33000,Female,New HIV infections
86,Middle East and North Africa,2008,5700,Female,New HIV infections
87,West and Central Africa,2008,200000,Female,New HIV infections
88,Western & Central Europe and North America,2008,19000,Female,New HIV infections
89,Global,2008,1100000,Female,New HIV infections
90,Asia and the Pacific,2009,120000,Female,New HIV infections
91,Caribbean,2009,8200,Female,New HIV infections
92,East and Southern Africa,2009,700000,Female,New HIV infections
93,Eastern Europe and Central Asia,2009,35000,Female,New HIV infections
94,Latin America,2009,32000,Female,New HIV infections
95,Middle East and North Africa,2009,5700,Female,New HIV infections
96,West and Central Africa,2009,190000,Female,New HIV infections
97,Western & Central Europe and North America,2009,18000,Female,New HIV infections
98,Global,2009,1100000,Female,New HIV infections
99,Asia and the Pacific,2010,120000,Female,New HIV infections
100,Caribbean,2010,7900,Female,New HIV infections
101,East and Southern Africa,2010,680000,Female,New HIV infections
102,Eastern Europe and Central Asia,2010,37000,Female,New HIV infections
103,Latin America,2010,31000,Female,New HIV infections
104,Middle East and North Africa,2010,5500,Female,New HIV infections
105,West and Central Africa,2010,190000,Female,New HIV infections
106,Western & Central Europe and North America,2010,17000,Female,New HIV infections
107,Global,2010,1100000,Female,New HIV infections
108,Asia and the Pacific,2011,120000,Female,New HIV infections
109,Caribbean,2011,7600,Female,New HIV infections
110,East and Southern Africa,2011,650000,Female,New HIV infections
111,Eastern Europe and Central Asia,2011,40000,Female,New HIV infections
112,Latin America,2011,31000,Female,New HIV infections
113,Middle East and North Africa,2011,5600,Female,New HIV infections
114,West and Central Africa,2011,180000,Female,New HIV infections
115,Western & Central Europe and North America,2011,17000,Female,New HIV infections
116,Global,2011,1100000,Female,New HIV infections
117,Asia and the Pacific,2012,120000,Female,New HIV infections
118,Caribbean,2012,7200,Female,New HIV infections
119,East and Southern Africa,2012,620000,Female,New HIV infections
120,Eastern Europe and Central Asia,2012,43000,Female,New HIV infections
121,Latin America,2012,31000,Female,New HIV infections
122,Middle East and North Africa,2012,5700,Female,New HIV infections
123,West and Central Africa,2012,180000,Female,New HIV infections
124,Western & Central Europe and North America,2012,16000,Female,New HIV infections
125,Global,2012,1000000,Female,New HIV infections
126,Asia and the Pacific,2013,120000,Female,New HIV infections
127,Caribbean,2013,6900,Female,New HIV infections
128,East and Southern Africa,2013,590000,Female,New HIV infections
129,Eastern Europe and Central Asia,2013,45000,Female,New HIV infections
130,Latin America,2013,32000,Female,New HIV infections
131,Middle East and North Africa,2013,5800,Female,New HIV infections
132,West and Central Africa,2013,170000,Female,New HIV infections
133,Western & Central Europe and North America,2013,16000,Female,New HIV infections
134,Global,2013,980000,Female,New HIV infections
135,Asia and the Pacific,2014,120000,Female,New HIV infections
136,Caribbean,2014,6600,Female,New HIV infections
137,East and Southern Africa,2014,560000,Female,New HIV infections
138,Eastern Europe and Central Asia,2014,48000,Female,New HIV infections
139,Latin America,2014,31000,Female,New HIV infections
140,Middle East and North Africa,2014,5900,Female,New HIV infections
141,West and Central Africa,2014,160000,Female,New HIV infections
142,Western & Central Europe and North America,2014,15000,Female,New HIV infections
143,Global,2014,950000,Female,New HIV infections
144,Asia and the Pacific,2015,120000,Female,New HIV infections
145,Caribbean,2015,6400,Female,New HIV infections
146,East and Southern Africa,2015,530000,Female,New HIV infections
147,Eastern Europe and Central Asia,2015,51000,Female,New HIV infections
148,Latin America,2015,31000,Female,New HIV infections
149,Middle East and North Africa,2015,6000,Female,New HIV infections
150,West and Central Africa,2015,160000,Female,New HIV infections
151,Western & Central Europe and North America,2015,15000,Female,New HIV infections
152,Global,2015,910000,Female,New HIV infections
153,Asia and the Pacific,2016,110000,Female,New HIV infections
154,Caribbean,2016,6100,Female,New HIV infections
155,East and Southern Africa,2016,510000,Female,New HIV infections
156,Eastern Europe and Central Asia,2016,54000,Female,New HIV infections
157,Latin America,2016,30000,Female,New HIV infections
158,Middle East and North Africa,2016,6100,Female,New HIV infections
159,West and Central Africa,2016,150000,Female,New HIV infections
160,Western & Central Europe and North America,2016,14000,Female,New HIV infections
161,Global,2016,880000,Female,New HIV infections
162,Asia and the Pacific,2017,100000,Female,New HIV infections
163,Caribbean,2017,5700,Female,New HIV infections
164,East and Southern Africa,2017,480000,Female,New HIV infections
165,Eastern Europe and Central Asia,2017,57000,Female,New HIV infections
166,Latin America,2017,30000,Female,New HIV infections
167,Middle East and North Africa,2017,6300,Female,New HIV infections
168,West and Central Africa,2017,150000,Female,New HIV infections
169,Western & Central Europe and North America,2017,14000,Female,New HIV infections
170,Global,2017,850000,Female,New HIV infections
171,Asia and the Pacific,2018,100000,Female,New HIV infections
172,Caribbean,2018,5300,Female,New HIV infections
173,East and Southern Africa,2018,450000,Female,New HIV infections
174,Eastern Europe and Central Asia,2018,60000,Female,New HIV infections
175,Latin America,2018,30000,Female,New HIV infections
176,Middle East and North Africa,2018,6500,Female,New HIV infections
177,West and Central Africa,2018,140000,Female,New HIV infections
178,Western & Central Europe and North America,2018,13000,Female,New HIV infections
179,Global,2018,810000,Female,New HIV infections
180,Asia and the Pacific,2019,98000,Female,New HIV infections
181,Caribbean,2019,5200,Female,New HIV infections
182,East and Southern Africa,2019,430000,Female,New HIV infections
183,Eastern Europe and Central Asia,2019,64000,Female,New HIV infections
184,Latin America,2019,31000,Female,New HIV infections
185,Middle East and North Africa,2019,6700,Female,New HIV infections
186,West and Central Africa,2019,140000,Female,New HIV infections
187,Western & Central Europe and North America,2019,13000,Female,New HIV infections
188,Global,2019,790000,Female,New HIV infections
